Model,p,D
GPT2_Peacock_data,0.0,0.34119531193128066
GPT2-Medium_Peacock_data,6.229548716344617e-211,0.23043604862779354
GPT2-Large_Peacock_data,6.904986144084121e-159,0.1998616874135547
GPT2-XL_Peacock_data,1.847369482214316e-94,0.1539637475431317
OLMo-1B_Peacock_data,5.636682337459764e-27,0.08175001819902455
OLMo-7B_Peacock_data,1.7207729001906627e-117,0.17147120914318992
